{"cameraMode":{"drawMode":0,"name":"Shaded","section":"Shading Mode"},"sceneLighting":true,"audioPlay":false,"sceneViewState":{"m_AlwaysRefresh":false,"showFog":true,"showSkybox":true,"showFlares":true,"showImageEffects":true,"showParticleSystems":true,"showVisualEffectGraphs":true,"m_FxEnabled":true},"in2DMode":false,"pivot":{"x":0.35000014305114748,"y":0.38999998569488528,"z":-0.25999975204467776},"rotation":{"x":0.3572637438774109,"y":-0.016810743138194085,"z":0.006431436166167259,"w":0.9338319301605225},"size":10.573522567749024,"orthographic":false}